[
  {
    "name": "After Effects",
    "logo": "devicon-aftereffects-plain"
  },
  {
    "name": "Amazon Web Series",
    "logo": "devicon-amazonwebservices-original colored"
  },
  {
    "name": "Android",
    "logo": "devicon-android-plain colored"
  },
  {
    "name": "Angular JS",
    "logo": "devicon-angularjs-plain colored"
  },
  {
    "name": "Apache",
    "logo": "devicon-apache-plain colored"
  },
  {
    "name": "Appcelerator",
    "logo": "devicon-appcelerator-original colored"
  },
  {
    "name": "Apple",
    "logo": "devicon-apple-original"
  },
  {
    "name": "App Write",
    "logo": "devicon-appwrite-plain colored"
  },
  {
    "name": "Atom",
    "logo": "devicon-atom-original"
  },
  {
    "name": "Babel",
    "logo": "devicon-babel-plain colored"
  },
  {
    "name": "Backbone JS",
    "logo": "devicon-backbonejs-plain"
  },
  {
    "name": "Bash",
    "logo": "devicon-bash-plain"
  },
  {
    "name": "Behance",
    "logo": "devicon-behance-plain colored"
  },
  {
    "name": "Bit Bucket",
    "logo": "devicon-bitbucket-original"
  },
  {
    "name": "Bootstrap",
    "logo": "devicon-bootstrap-plain colored"
  },
  {
    "name": "Bower",
    "logo": "devicon-bower-plain colored"
  },
  {
    "name": "C programming",
    "logo": "devicon-c-plain colored"
  },
  {
    "name": "Cake PHP",
    "logo": "devicon-cakephp-plain colored"
  },
  {
    "name": "Ceylon",
    "logo": "devicon-ceylon-plain colored"
  },
  {
    "name": "Google Chrome",
    "logo": "devicon-chrome-plain colored"
  },
  {
    "name": "Clojure",
    "logo": "devicon-clojure-line colored"
  },
  {
    "name": "Clojure Script",
    "logo": "devicon-clojurescript-plain colored"
  },
  {
    "name": "Code Igniter",
    "logo": "devicon-codeigniter-plain colored"
  },
  {
    "name": "Code Pen",
    "logo": "devicon-codepen-plain"
  },
  {
    "name": "Coffee Script",
    "logo": "devicon-coffeescript-original"
  },
  {
    "name": "Composer",
    "logo": "devicon-composer-line"
  },
  {
    "name": "Confluence",
    "logo": "devicon-confluence-original colored"
  },
  {
    "name": "Couch DB",
    "logo": "devicon-couchdb-plain colored"
  },
  {
    "name": "C++",
    "logo": "devicon-cplusplus-plain colored"
  },
  {
    "name": "C#",
    "logo": "devicon-csharp-plain colored"
  },
  {
    "name": "CSS3",
    "logo": "devicon-css3-plain colored"
  },
  {
    "name": "Cucumber",
    "logo": "devicon-cucumber-plain colored"
  },
  {
    "name": "D3js",
    "logo": "devicon-d3js-plain colored"
  },
  {
    "name": "Debian",
    "logo": "devicon-debian-plain colored"
  },
  {
    "name": "Django",
    "logo": "devicon-django-plain"
  },
  {
    "name": "",
    "logo": "devicon-docker-plain colored"
  },
  {
    "name": "Doctrine",
    "logo": "devicon-doctrine-plain colored"
  },
  {
    "name": ".NET",
    "logo": "devicon-dot-net-plain colored"
  },
  {
    "name": "Drupal",
    "logo": "devicon-drupal-plain colored"
  },
  {
    "name": "Electron",
    "logo": "devicon-electron-original"
  },
  {
    "name": "Eleventy",
    "logo": "devicon-eleventy-plain"
  },
  {
    "name": "ELM",
    "logo": "devicon-elm-plain"
  },
  {
    "name": "Ember",
    "logo": "devicon-ember-original-wordmark colored"
  },
  {
    "name": "Erlang",
    "logo": "devicon-erlang-plain colored"
  },
  {
    "name": "Express",
    "logo": "devicon-express-original"
  },
  {
    "name": "Firebase",
    "logo": "devicon-firebase-plain colored"
  },
  {
    "name": "Firefox",
    "logo": "devicon-firefox-plain colored"
  },
  {
    "name": "Flask",
    "logo": "devicon-flask-original"
  },
  {
    "name": "Flutter",
    "logo": "devicon-flutter-plain colored"
  },
  {
    "name": "Foundation",
    "logo": "devicon-foundation-plain colored"
  },
  {
    "name": "Gatling",
    "logo": "devicon-gatling-plain colored"
  },
  {
    "name": "Gatsby",
    "logo": "devicon-gatsby-plain colored"
  },
  {
    "name": "Gimp",
    "logo": "devicon-gimp-plain"
  },
  {
    "name": "Git",
    "logo": "devicon-git-plain colored"
  },
  {
    "name": "Github",
    "logo": "devicon-github-original"
  },
  {
    "name": "Gitlab",
    "logo": "devicon-gitlab-plain colored"
  },
  {
    "name": "Go",
    "logo": "devicon-go-plain"
  },
  {
    "name": "Google Cloud",
    "logo": "devicon-googlecloud-plain"
  },
  {
    "name": "Gradle",
    "logo": "devicon-gradle-plain"
  },

  {
    "name": "Grails",
    "logo": "devicon-grails-plain colored"
  },
  {
    "name": "Groovy",
    "logo": "devicon-groovy-plain"
  },
  {
    "name": "Grunt",
    "logo": "devicon-grunt-plain colored"
  },
  {
    "name": "Gulp",
    "logo": "devicon-gulp-plain colored"
  },
  {
    "name": "Haskell",
    "logo": "devicon-haskell-plain"
  },
  {
    "name": "Handlebars",
    "logo": "devicon-handlebars-plain"
  },
  {
    "name": "Haxe",
    "logo": "devicon-haxe-plain colored"
  },
  {
    "name": "Heroku",
    "logo": "devicon-heroku-plain colored"
  },

  {
    "name": "HTML5",
    "logo": "devicon-html5-plain colored"
  },
  {
    "name": "IE10",
    "logo": "devicon-ie10-original colored"
  },
  {
    "name": "Illustrator",
    "logo": "devicon-illustrator-plain colored"
  },
  {
    "name": "Inkscape",
    "logo": "devicon-inkscape-plain"
  },
  {
    "name": "Intellij",
    "logo": "devicon-intellij-plain colored"
  },
  {
    "name": "Ionic",
    "logo": "devicon-ionic-original colored"
  },
  {
    "name": "Jasmine",
    "logo": "devicon-jasmine-plain colored"
  },
  {
    "name": "Java",
    "logo": "devicon-java-plain colored"
  },

  {
    "name": "Javascript",
    "logo": "devicon-javascript-plain colored"
  },
  {
    "name": "Jeet",
    "logo": "devicon-jeet-plain colored"
  },
  {
    "name": "Jenkins",
    "logo": "devicon-jenkins-line colored"
  },
  {
    "name": "Jetbrains",
    "logo": "devicon-jetbrains-plain colored"
  },
  {
    "name": "Jquery",
    "logo": "devicon-jquery-plain colored"
  },
  {
    "name": "Kotlin",
    "logo": "devicon-kotlin-plain colored"
  },
  {
    "name": "Krakenjs",
    "logo": "devicon-krakenjs-plain colored"
  },
  {
    "name": "Kubernetes",
    "logo": "devicon-kubernetes-plain colored"
  },
  {
    "name": "Laravel",
    "logo": "devicon-laravel-plain colored"
  },
  {
    "name": "LESS",
    "logo": "devicon-less-plain-wordmar"
  },
  {
    "name": "Linux",
    "logo": "devicon-linux-plain"
  },
  {
    "name": "Material UI",
    "logo": "devicon-materialui-plain colored"
  },
  {
    "name": "Meteor",
    "logo": "devicon-meteor-plain colored"
  },
  {
    "name": "Mocha",
    "logo": "devicon-mocha-plain colored colored"
  },
  {
    "name": "Mongo DB",
    "logo": "devicon-mongodb-plain colored"
  },
  {
    "name": "MySql",
    "logo": "devicon-mysql-plain"
  },
  {
    "name": "Nestjs",
    "logo": "devicon-nestjs-plain colored"
  },
  {
    "name": "Nginx",
    "logo": "devicon-nginx-original colored"
  },
  {
    "name": "NodeJs",
    "logo": "devicon-nodejs-plain colored"
  },
  {
    "name": "Node Webkit",
    "logo": "devicon-nodewebkit-plain"
  },
  {
    "name": "NPM",
    "logo": "devicon-npm-original-wordmark colored"
  },
  {
    "name": "Objective C",
    "logo": "devicon-objectivec-plain"
  },
  {
    "name": "Oracle",
    "logo": "devicon-oracle-original colored"
  },
  {
    "name": "Photoshop",
    "logo": "devicon-photoshop-plain colored"
  },
  {
    "name": "PHP",
    "logo": "devicon-php-plain colored"
  },
  {
    "name": "PHP Storm",
    "logo": "devicon-phpstorm-plain colored"
  },
  {
    "name": "Postgre SQL",
    "logo": "devicon-postgresql-plain colored"
  },
  {
    "name": "Premiere Pro",
    "logo": "devicon-premierepro-plain"
  },
  {
    "name": "Protractor",
    "logo": "devicon-protractor-plain colored"
  },
  {
    "name": "Pycharm",
    "logo": "devicon-pycharm-plain colored"
  },
  {
    "name": "Python",
    "logo": "devicon-python-plain colored"
  },
  {
    "name": "Rails",
    "logo": "devicon-rails-plain colored"
  },
  {
    "name": "React",
    "logo": "devicon-react-original colored"
  },
  {
    "name": "React Native",
    "logo": "devicon-react-original"
  },
  {
    "name": "Red Hat",
    "logo": "devicon-redhat-plain colored"
  },
  {
    "name": "Redis",
    "logo": "devicon-redis-plain colored"
  },
  {
    "name": "Redux",
    "logo": "devicon-redux-original colored"
  },
  {
    "name": "Rocks DB",
    "logo": "devicon-rocksdb-plain colored"
  },
  {
    "name": "Ruby",
    "logo": "devicon-ruby-plain colored"
  },
  {
    "name": "Rubymine",
    "logo": "devicon-rubymine-plain colored"
  },
  {
    "name": "Rust",
    "logo": "devicon-rust-plain"
  },
  {
    "name": "Safari",
    "logo": "devicon-safari-plain colored"
  },
  {
    "name": "SASS",
    "logo": "devicon-sass-original colored"
  },
  {
    "name": "Scala",
    "logo": "devicon-scala-plain colored"
  },
  {
    "name": "Sequelize",
    "logo": "devicon-sequelize-plain"
  },
  {
    "name": "Sketch",
    "logo": "devicon-sketch-line colored"
  },
  {
    "name": "Source tree",
    "logo": "devicon-sourcetree-original"
  },
  {
    "name": "SQL Alchemy",
    "logo": "devicon-sqlalchemy-plain"
  },
  {
    "name": "Microsoft SQL Server",
    "logo": "devicon-microsoftsqlserver-plain colored"
  },
  {
    "name": "SSH",
    "logo": "devicon-ssh-original"
  },
  {
    "name": "Stylus",
    "logo": "devicon-stylus-original"
  },
  {
    "name": "Swift",
    "logo": "devicon-swift-plain colored"
  },
  {
    "name": "Symfony",
    "logo": "devicon-symfony-original"
  },
  {
    "name": "Tomcat",
    "logo": "devicon-tomcat-line colored"
  },
  {
    "name": "Travis CI",
    "logo": "devicon-travis-plain colored"
  },
  {
    "name": "Typescript",
    "logo": "devicon-typescript-plain colored"
  },
  {
    "name": "Typo3",
    "logo": "devicon-typo3-plain colored"
  },
  {
    "name": "Ubuntu",
    "logo": "devicon-ubuntu-plain colored"
  },
  {
    "name": "Uwsgi",
    "logo": "devicon-uwsgi-plain colored"
  },
  {
    "name": "Vagrant",
    "logo": "devicon-vagrant-plain colored"
  },
  {
    "name": "VIM",
    "logo": "devicon-vim-plain colored"
  },
  {
    "name": "Visual Studio",
    "logo": "devicon-visualstudio-plain colored"
  },
  {
    "name": "VueJs",
    "logo": "devicon-vuejs-plain colored"
  },
  {
    "name": "Webpack",
    "logo": "devicon-webpack-plain colored"
  },
  {
    "name": "Webstorm",
    "logo": "devicon-webstorm-plain colored"
  },
  {
    "name": "Windows 8",
    "logo": "devicon-windows8-original colored"
  },
  {
    "name": "Woo Commerce",
    "logo": "devicon-woocommerce-plain colored"
  },
  {
    "name": "Wordpress",
    "logo": "devicon-wordpress-plain"
  },
  {
    "name": "Adobe XD",
    "logo": "devicon-xd-plain colored"
  },
  {
    "name": "Yarn",
    "logo": "devicon-yarn-plain colored"
  },

  {
    "name": "Yii",
    "logo": "devicon-yii-plain colored"
  },
  {
    "name": "Yunohost",
    "logo": "devicon-yunohost-plain colored"
  },
  {
    "name": "Zend",
    "logo": "devicon-zend-plain colored"
  }
]
